ID,Addon,Order,Title,Text,RU Text,Funny text,Notes
,,1,CEO,"When placing counters on any single Ticket, place +1 counter.","–ö–æ–≥–¥–∞ –∫–ª–∞–¥—ë—Ç–µ —á–µ–ª–æ–≤–µ–∫–æ-—á–∞—Å—ã –Ω–∞ 1 –¢–∏–∫–µ—Ç, –ø–æ–ª–æ–∂–∏—Ç–µ +1 —á–µ–ª–æ–≤–µ–∫–æ-—á–∞—Å.",,
,,2,CTO,"When placing counters on a single TECH Ticket, place +2 counters.","–ö–æ–≥–¥–∞ –∫–ª–∞–¥—ë—Ç–µ —á–µ–ª–æ–≤–µ–∫–æ-—á–∞—Å—ã –Ω–∞ 1 TECH –¢–∏–∫–µ—Ç, –ø–æ–ª–æ–∂–∏—Ç–µ +2 —á–µ–ª–æ–≤–µ–∫–æ-—á–∞—Å–∞.",,
,,3,Office Manager,"Draw 2 cards instead of 1 at upkeep, then put one of them on top or the bottom of the Player Deck.","–í–æ–∑—å–º–∏—Ç–µ 2 –∫–∞—Ä—Ç—ã –≤–º–µ—Å—Ç–æ 1 –≤ –Ω–∞—á–∞–ª–µ —Ö–æ–¥–∞, –∑–∞—Ç–µ–º –ø–æ–ª–æ–∂–∏—Ç–µ –æ–¥–Ω—É –∏–∑ –Ω–∏—Ö –Ω–∞ –≤–µ—Ä—Ö –∏–ª–∏ –¥–Ω–æ Player Deck –∫–æ–ª–æ–¥—ã.",,"Define upkeep strictly in the rules, it should only point to drawing a card from the Player Deck at the beginning of a turn."
,,4,Lead SWE,"üÖ∞Ô∏è: Discard 2 cards and do Refactoring.

üÖ∞Ô∏è: Discard 3 cards and do Heavy Refactoring.","üÖ∞Ô∏è: –°–±—Ä–æ—Å—å—Ç–µ 2 –∫–∞—Ä—Ç—ã –∏ –ø—Ä–æ–≤–µ–¥–∏—Ç–µ Refactoring.

üÖ∞Ô∏è: –°–±—Ä–æ—Å—å—Ç–µ 3 –∫–∞—Ä—Ç—ã –∏ –ø—Ä–æ–≤–µ–¥–∏—Ç–µ Heavy Refactoring.",,
,,5,Generalist,"When placing counter, place +1 counter for every 2 Markets currently featured in the Product.","–ö–æ–≥–¥–∞ –∫–ª–∞–¥—ë—Ç–µ —á–µ–ª–æ–≤–µ–∫–æ-—á–∞—Å—ã, –ø–æ–ª–æ–∂–∏—Ç–µ +1 —á–µ–ª–æ–≤–µ–∫–æ-—á–∞—Å –∑–∞ –∫–∞–∂–¥—ã–µ 2 –†—ã–Ω–∫–∞, –∫–æ—Ç–æ—Ä—ã–µ –µ—Å—Ç—å –≤ –ü—Ä–æ–¥—É–∫—Ç–µ.",,
,,6,Manager,You decide the order of card actions on your turn.,"–í—ã —Ä–µ—à–∞–µ—Ç–µ, –≤ –∫–∞–∫–æ–º –ø–æ—Ä—è–¥–∫–µ —Å—Ä–∞–±–æ—Ç–∞—é—Ç —ç—Ñ—Ñ–µ–∫—Ç—ã –∫–∞—Ä—Ç –≤ –≤–∞—à —Ö–æ–¥.",,Need to determine the canonic effect resolution order.
,,7,,,,,
,,8,,,,,
,,9,,,,,
,,10,,,,,
,,11,,,,,
,,12,,,,,
